allele,peptide,fraction_positive,num_entries,count,in_sars2
H2 class I,ALWEIQQVV,0.00,1,True
H2 class I,FIAGLIAIV,1.00,1,True
H2 class I,FLARAIVFV,0.00,1,False
H2 class I,FLITGVFDI,0.00,1,False
H2 class I,FLLPSLATV,0.00,1,True
H2 class I,FLNRFTTTL,0.00,1,True
H2 class I,FLTSLLILV,0.00,1,False
H2 class I,ILLAPLLSA,0.00,1,False
H2 class I,KLNIKLLGI,0.00,1,False
H2 class I,KLSAGVEFL,0.00,1,False
H2 class I,LITGRLQSL,0.00,1,True
H2 class I,LLFITGNTL,0.00,1,False
H2 class I,MLLTFLTSL,0.00,1,False
H2 class I,MLSRALKKV,0.00,1,False
H2 class I,QLSLPVLQV,0.00,1,True
H2 class I,RLNEVAKNL,0.00,1,True
H2 class I,SLQVCVQTV,0.00,1,False
H2 class I,TLGVLVPHV,0.00,1,True
H2 class I,TLLCVLAAL,0.00,1,False
H2 class I,TLNEDLLEI,0.00,1,False
H2 class I,VLAALVCYI,0.00,1,False
H2 class I,VLGSLAATV,0.00,1,True
H2 class I,VLLSVLQQL,0.00,1,True
H2 class I,YLSSVLLAL,0.00,1,False
H2-Kb,HNYKYRYL,1.00,3,False
H2-Kb,VNFNFNGL,1.00,1,True
H2-Kd,KCYGVSATKL,1.00,1,False
H2-Kd,YGVSATKL,1.00,1,False
H2-b class I,HNYKYRYL,0.71,7,False
H2-b class I,NYNYKYRYLR,1.00,1,False
H2-b class I,VNFNFNGL,0.82,11,True
H2-b class I,YNYKYRYL,1.00,4,False
H2-b class II,ALLLLDRLNQLESKV,0.00,1,False
H2-b class II,ASWFTALTQHGKEEL,0.50,2,False
H2-b class II,ATRRVRGGDGKMKEL,0.00,1,False
H2-b class II,DDKDPQFKDNVILLN,0.00,1,False
H2-b class II,DLIRQGTDYKHWPQI,0.00,1,False
H2-b class II,EQTQGNFGDQDLIRQ,0.00,1,False
H2-b class II,FTALTQHGKEELRFPRGQG,0.00,1,False
H2-b class II,FYYLGTGPEASLPYG,1.00,2,False
H2-b class II,GFYAEGSRGGSQASS,0.00,1,True
H2-b class II,GGRNGARPKQRRPQG,0.00,1,False
H2-b class II,GKEELRFPRGQGVPI,0.50,2,False
H2-b class II,GSSRGNSPARMASGG,0.00,1,False
H2-b class II,HWPQIAQFAPSASAF,0.00,1,True
H2-b class II,IGMEVTPSGTWLTYH,0.00,1,False
H2-b class II,IVWVATEGALNTPKD,0.00,1,False
H2-b class II,KDKKKKTDEAQPLPQ,0.00,1,False
H2-b class II,KMKELSPRWYFYYLG,0.00,1,False
H2-b class II,LESKVSGKGQQQQGQ,0.00,1,False
H2-b class II,MASGGGETALALLLL,0.00,1,False
H2-b class II,MDDFSRQLQNSMSGA,0.00,1,False
H2-b class II,MSDNGPQSNQRSAPR,0.00,1,False
H2-b class II,NPNNNAATVLQLPQG,0.00,1,False
H2-b class II,NTPKDHIGTRNPNNN,0.00,1,False
H2-b class II,NYNYKYRYLR,0.00,1,False
H2-b class II,PDDQIGYYRRATRRV,0.00,1,False
H2-b class II,PTDSTDNNQNGGRNG,0.00,1,False
H2-b class II,PTVTLLPAADMDDFS,0.00,1,False
H2-b class II,QGVPINTNSGPDDQI,0.00,1,False
H2-b class II,QKRTATKQYNVTQAF,0.00,1,False
H2-b class II,QLPQGTTLPKGFYAE,0.00,1,True
H2-b class II,QPLPQRQKKQPTVTL,0.00,1,False
H2-b class II,QQQGQTVTKKSAAEA,0.00,1,True
H2-b class II,RRPQGLPNNTASWFT,0.00,1,True
H2-b class II,RSAPRITFGGPTDST,1.00,1,False
H2-b class II,SAAEASKKPRQKRTA,0.00,1,True
H2-b class II,SASAFFGMSRIGMEV,0.00,1,True
H2-b class II,SLPYGANKEGIVWVA,0.00,1,False
H2-b class II,SQASSRSSSRSRGNS,0.00,1,False
H2-b class II,SRGNSRNSTPGSSRG,0.00,1,False
H2-b class II,VILLNKHIDAYKTFP,0.00,1,True
H2-b class II,VTQAFGRRGPEQTQG,0.00,1,True
H2-b class II,WLTYHGAIKLDDKDP,0.00,1,False
H2-b class II,YKTFPPTEPKKDKKK,0.00,1,True
H2-d class I,CYGVSATKL,1.00,7,False
H2-d class I,GNYNYKYRYLRHGKL,0.00,1,False
H2-d class I,KCYGVSATKL,1.00,2,False
H2-d class I,LMSFPQAAPHGVVFLHV,0.50,2,False
H2-d class I,NYNYKYRYLR,0.00,2,False
H2-d class I,VIGIINNTVYDPLQPEL,0.00,1,False
H2-d class II,ALLLLDRLNQLESKV,0.00,1,False
H2-d class II,ASWFTALTQHGKEEL,0.00,1,False
H2-d class II,ATRRVRGGDGKMKEL,0.00,1,False
H2-d class II,DDKDPQFKDNVILLN,0.00,1,False
H2-d class II,DDQIGYYRRATRRVR,1.00,2,False
H2-d class II,DLIRQGTDYKHWPQI,0.00,1,False
H2-d class II,DSFKEELDKYFKNHTSPDVDLGDISGINASVV,0.00,1,False
H2-d class II,EQTQGNFGDQDLIRQ,0.00,1,False
H2-d class II,FYYLGTGPEASLPYG,0.00,1,False
H2-d class II,GDGKMKELSPRWYFY,1.00,2,False
H2-d class II,GFYAEGSRGGSQASS,0.00,1,True
H2-d class II,GGRNGARPKQRRPQG,0.00,1,False
H2-d class II,GIVWVATEGALNTPKDHIGT,1.00,1,False
H2-d class II,GKEELRFPRGQGVPI,0.00,1,False
H2-d class II,GNYNYKYRYLRHGKL,0.50,2,False
H2-d class II,GQGVPINTNSGPDDQ,1.00,2,False
H2-d class II,GSSRGNSPARMASGG,0.00,1,False
H2-d class II,GYYRRATRRVRGGDG,1.00,2,False
H2-d class II,HWPQIAQFAPSASAF,0.00,1,True
H2-d class II,IGMEVTPSGTWLTYH,0.00,1,False
H2-d class II,IVWVATEGALNTPKD,0.00,1,False
H2-d class II,KCYGVSATKL,0.33,3,False
H2-d class II,KDKKKKTDEAQPLPQ,0.00,1,False
H2-d class II,KMKELSPRWYFYYLG,0.00,1,False
H2-d class II,KSGNFKHLREFVFKNKDGFLYVYKGYQPIDV,0.00,1,False
H2-d class II,LESKVSGKGQQQQGQ,0.00,1,False
H2-d class II,LMSFPQAAPHGVVFLHV,0.00,2,False
H2-d class II,MASGGGETALALLLL,0.00,1,False
H2-d class II,MDDFSRQLQNSMSGA,0.00,1,False
H2-d class II,MKELSPRWYFYYLGT,1.00,2,False
H2-d class II,MSDNGPQSNQRSAPR,0.00,1,False
H2-d class II,NPNNNAATVLQLPQG,0.00,1,False
H2-d class II,NSGPDDQIGYYRRAT,1.00,2,False
H2-d class II,NTPKDHIGTRNPNNN,0.00,1,False
H2-d class II,NYNYKYRYLR,1.00,3,False
H2-d class II,PDDQIGYYRRATRRV,0.67,3,False
H2-d class II,PINTNSGPDDQIGYY,1.00,2,False
H2-d class II,PTDSTDNNQNGGRNG,0.00,1,False
H2-d class II,PTVTLLPAADMDDFS,0.00,1,False
H2-d class II,QGVPINTNSGPDDQI,0.00,1,False
H2-d class II,QKRTATKQYNVTQAF,0.00,1,False
H2-d class II,QLPQGTTLPKGFYAE,0.00,1,True
H2-d class II,QPLPQRQKKQPTVTL,0.00,1,False
H2-d class II,QQQGQTVTKKSAAEA,0.00,1,True
H2-d class II,RATRRVRGGDGKMKE,1.00,2,False
H2-d class II,RRPQGLPNNTASWFT,0.00,1,True
H2-d class II,RSAPRITFGGPTDST,0.00,1,False
H2-d class II,RVRGGDGKMKELSPR,1.00,2,False
H2-d class II,SAAEASKKPRQKRTA,0.00,1,True
H2-d class II,SASAFFGMSRIGMEV,0.00,1,True
H2-d class II,SLPYGANKEGIVWVA,0.00,1,False
H2-d class II,SPRWYFYYLGTGPEA,1.00,2,True
H2-d class II,SQASSRSSSRSRGNS,0.00,1,False
H2-d class II,SRGNSRNSTPGSSRG,0.00,1,False
H2-d class II,VIGIINNTVYDPLQPEL,0.00,1,False
H2-d class II,VILLNKHIDAYKTFP,1.00,2,True
H2-d class II,VTQAFGRRGPEQTQG,0.00,1,True
H2-d class II,WLTYHGAIKLDDKDP,0.00,1,False
H2-d class II,YFYYLGTGPEASL,1.00,2,False
H2-d class II,YKTFPPTEPKKDKKK,0.00,1,True
H2-k class II,ALLLLDRLNQLESKV,0.00,1,False
H2-k class II,ASWFTALTQHGKEEL,0.00,1,False
H2-k class II,ATRRVRGGDGKMKEL,1.00,1,False
H2-k class II,DDKDPQFKDNVILLN,0.00,1,False
H2-k class II,DLIRQGTDYKHWPQI,0.00,1,False
H2-k class II,EQTQGNFGDQDLIRQ,0.00,1,False
H2-k class II,FYYLGTGPEASLPYG,0.00,1,False
H2-k class II,GFYAEGSRGGSQASS,0.00,1,True
H2-k class II,GGRNGARPKQRRPQG,0.00,1,False
H2-k class II,GKEELRFPRGQGVPI,0.00,1,False
H2-k class II,GSSRGNSPARMASGG,0.00,1,False
H2-k class II,HWPQIAQFAPSASAF,0.00,1,True
H2-k class II,IGMEVTPSGTWLTYH,0.00,1,False
H2-k class II,IVWVATEGALNTPKD,0.00,1,False
H2-k class II,KDKKKKTDEAQPLPQ,0.00,1,False
H2-k class II,KMKELSPRWYFYYLG,0.00,1,False
H2-k class II,LESKVSGKGQQQQGQ,0.00,1,False
H2-k class II,MASGGGETALALLLL,0.00,1,False
H2-k class II,MDDFSRQLQNSMSGA,0.00,1,False
H2-k class II,MSDNGPQSNQRSAPR,0.00,1,False
H2-k class II,NPNNNAATVLQLPQG,0.00,1,False
H2-k class II,NTPKDHIGTRNPNNN,0.00,1,False
H2-k class II,PDDQIGYYRRATRRV,0.00,1,False
H2-k class II,PTDSTDNNQNGGRNG,1.00,2,False
H2-k class II,PTVTLLPAADMDDFS,0.00,1,False
H2-k class II,QGVPINTNSGPDDQI,0.00,1,False
H2-k class II,QKRTATKQYNVTQAF,0.00,1,False
H2-k class II,QLPQGTTLPKGFYAE,0.00,1,True
H2-k class II,QPLPQRQKKQPTVTL,0.00,1,False
H2-k class II,QQQGQTVTKKSAAEA,0.00,1,True
H2-k class II,RRPQGLPNNTASWFT,0.00,1,True
H2-k class II,RSAPRITFGGPTDST,0.00,1,False
H2-k class II,SAAEASKKPRQKRTA,0.00,1,True
H2-k class II,SASAFFGMSRIGMEV,0.00,1,True
H2-k class II,SLPYGANKEGIVWVA,0.00,1,False
H2-k class II,SQASSRSSSRSRGNS,0.00,1,False
H2-k class II,SRGNSRNSTPGSSRG,0.00,1,False
H2-k class II,VILLNKHIDAYKTFP,1.00,2,True
H2-k class II,VTQAFGRRGPEQTQG,0.00,1,True
H2-k class II,WLTYHGAIKLDDKDP,1.00,2,False
H2-k class II,YKTFPPTEPKKDKKK,0.00,1,True
HLA class I,HLRMAGHSL,1.00,2,False
HLA class I,IGMEVTPSGTWLTYH,1.00,1,False
HLA class I,QKRTATKQYNVTQAF,1.00,1,False
HLA class I,RFFTLGSITAQPVKI,1.00,1,False
HLA class I,RRPQGLPNNTASWFT,1.00,1,True
HLA class I,TKQYNVTQAF,1.00,1,False
HLA class II,AFLAVFQSATKIIAL,1.00,1,False
HLA class II,ANKEGIVWVATEGAL,1.00,1,False
HLA class II,AQFAPSASAFFGMSR,1.00,1,True
HLA class II,GTSWFITQRNFFSPQ,1.00,1,False
HLA class II,GVKDYVVVHGYFTEV,1.00,1,False
HLA class II,KMKELSPRWYFYYLG,1.00,2,False
HLA class II,NIDATSTGNYNYKYRYLR,0.50,2,False
HLA class II,NKRWQLALYKGFQFI,1.00,1,False
HLA class II,RFFTLGSITAQPVKI,0.64,11,False
HLA class II,SSKRFQPFQQFGRDV,1.00,1,False
HLA class II,STDLIKNQCVNFNFN,1.00,1,False
HLA class II,TPSGTWLTYHGAIKL,1.00,1,False
HLA class II,YFTEVYYQLESTQIT,1.00,1,False
HLA-A*02:01,ALNTLVKQL,1.00,2,True
HLA-A*02:01,ALNTPKDHI,0.50,2,True
HLA-A*02:01,ALSGVFCGV,1.00,2,False
HLA-A*02:01,AMWLLLLSI,1.00,1,False
HLA-A*02:01,CLDAGINYV,1.00,2,False
HLA-A*02:01,DLPSGFNTL,0.00,2,False
HLA-A*02:01,FIAGLIAIV,0.80,5,True
HLA-A*02:01,FIFLLFLTL,0.00,2,False
HLA-A*02:01,FLWLLWPVTL,0.00,1,True
HLA-A*02:01,FVFNGTSWFI,0.00,1,False
HLA-A*02:01,GLMWLSYFV,1.00,5,False
HLA-A*02:01,GMSRIGMEV,0.86,7,True
HLA-A*02:01,ILLLDQVLV,1.00,2,False
HLA-A*02:01,ILLNKHID,0.00,1,True
HLA-A*02:01,ILLNKHIDA,0.33,3,True
HLA-A*02:01,ILPDPLKPT,1.00,2,False
HLA-A*02:01,KLNDLCFSNV,0.00,1,False
HLA-A*02:01,KLPDDFMGCV,1.00,7,False
HLA-A*02:01,LALLLLDRL,1.00,2,True
HLA-A*02:01,LITGRLAAL,0.00,1,False
HLA-A*02:01,LITGRLQSL,0.80,5,True
HLA-A*02:01,LLCVLAALV,1.00,2,False
HLA-A*02:01,LLLDRLNQL,0.88,8,True
HLA-A*02:01,LLLLDRLNQL,0.00,1,True
HLA-A*02:01,LLLNCLWSV,0.00,1,False
HLA-A*02:01,LQLPQGTTL,0.50,2,True
HLA-A*02:01,MIAAYTAAL,0.00,2,False
HLA-A*02:01,NLNESLIDL,0.67,6,True
HLA-A*02:01,RLNEVAKNL,1.00,16,True
HLA-A*02:01,RLNQLESKV,0.75,8,False
HLA-A*02:01,RLQSLQTYV,0.00,1,True
HLA-A*02:01,SIVAYTMSL,1.00,4,False
HLA-A*02:01,SLVKPTVYV,0.00,1,False
HLA-A*02:01,SMWALVISV,1.00,2,False
HLA-A*02:01,TLACFVLAAV,1.00,5,True
HLA-A*02:01,TLMNVITLV,1.00,2,False
HLA-A*02:01,VIADYNYKL,0.00,2,False
HLA-A*02:01,VLAWLYAAV,1.00,1,True
HLA-A*02:01,VLNDILSRL,1.00,4,True
HLA-A*02:01,VLQLPQGTTL,0.00,2,True
HLA-A*02:01,VVFLHVTYV,0.67,3,True
HLA-A*02:01,WLMWFIISI,1.00,2,False
HLA-A*02:01,WLTYHGAIKL,0.00,2,False
HLA-A*02:01,YLGTGPEASL,0.00,3,False
HLA-A*24:02,QFKDNVILL,1.00,3,False
HLA-A2,FIAGLIAIV,1.00,3,True
HLA-A2,FKDGIYFAA,0.00,1,False
HLA-A2,LITGRLQSL,1.00,1,True
HLA-B*15:25,QKRTATKQYNVTQAF,1.00,1,False
HLA-B*40:01,GETALALLLL,0.67,12,False
HLA-B*40:01,MEVTPSGTWL,1.00,3,True
HLA-B*55:02,RRPQGLPNNIASWFT,1.00,1,False
HLA-B*58:01,RFFTLGSITAQPVKI,1.00,1,False
HLA-B*58:01,SITAQPVKI,1.00,2,False
HLA-DR8,STFFSTFKCYGVSATKL,0.67,3,False
HLA-DR8,TECANLLLQYGSFCTQL,1.00,3,False
HLA-DRA*01:01/DRB1*07:01,AQKFNGLTVLPPLLTDDM,1.00,1,False
HLA-DRA*01:01/DRB1*07:01,EIFRSDTLYLTQDLFLPF,1.00,1,False
HLA-DRA*01:01/DRB1*07:01,GAALQIPFAMQMAYRF,1.00,1,True
HLA-DRA*01:01/DRB1*07:01,IYQTSNFRVVPSGDVVRF,1.00,1,False
HLA-DRA*01:01/DRB1*07:01,KSFEIDKGIYQTSNFRVV,1.00,1,False
HLA-DRA*01:01/DRB1*07:01,KSIVAYTMSLGADSSIAY,1.00,1,False
HLA-DRA*01:01/DRB1*07:01,LLRSTSQKSIVAYTMSL,1.00,1,False
HLA-DRA*01:01/DRB1*07:01,NAFNCTFEYISDAFSLDV,1.00,1,False
HLA-DRA*01:01/DRB1*07:01,NPFFAVSKPMGTQTHTMI,1.00,1,False
HLA-DRA*01:01/DRB1*07:01,STFFSTFKCYGVSATKL,1.00,1,False
HLA-DRA*01:01/DRB1*07:01,TAFSPAQDIWGTSAAAYF,1.00,1,False
HLA-DRA*01:01/DRB1*07:01,TGFHTINHTFGNPVIPFK,1.00,1,False
HLA-DRA*01:01/DRB1*07:01,TLKPIFKLPLGINITNFR,1.00,1,False
HLA-DRA*01:01/DRB1*07:01,YLTQDLFLPFYSNVTGFH,1.00,1,False
HLA-DRB1*04:01,CSQNPLAELKCSVKSFEI,0.50,2,False
HLA-DRB1*04:01,CTFEYISDAFSLD,1.00,3,False
HLA-DRB1*04:01,DAFSLDVSEKSGN,0.71,7,False
HLA-DRB1*04:01,ESLTTTSTALGKLQDVV,0.50,4,False
HLA-DRB1*04:01,GFMKQYGECLGDINARDL,0.50,2,False
HLA-DRB1*04:01,KKISNCVADYSVLYNSTF,0.50,2,False
HLA-DRB1*04:01,KSFEIDKGIYQTSNFRVV,1.00,2,False
HLA-DRB1*04:01,KSIVAYTMSLGADSSIAY,1.00,1,False
HLA-DRB1*04:01,MAYRFNGIGVTQNVLY,0.33,3,True
HLA-DRB1*04:01,QALNTLVKQLSSNFGAI,1.00,1,True
HLA-DRB1*04:01,QLIRAAEIRASANLAATK,0.50,4,True
HLA-DRB1*04:01,RPFERDISNVPFS,0.71,7,False
HLA-DRB1*04:01,SWFITQRNFFSPQII,0.71,7,False
HLA-DRB1*04:01,TNFRAILTAFSPAQDIW,0.67,3,False
HLA-DRB1*04:01,VKQMYKTPTLKYFGGFNF,0.50,2,False
HLA-DRB1*04:01,VRGWVFGSTMNNKSQSVI,0.67,3,False
HLA-DRB1*04:01,YLRHGKLRPFERDISNVP,1.00,3,False
